{"cameraMode":{"drawMode":0,"name":"Shaded","section":"Shading Mode"},"sceneLighting":true,"audioPlay":false,"sceneViewState":{"showFog":true,"showMaterialUpdate":false,"showSkybox":true,"showFlares":true,"showImageEffects":true,"showParticleSystems":true},"in2DMode":false,"pivot":{"x":45.21343231201172,"y":-25.643661499023439,"z":26.85390853881836},"rotation":{"x":-0.17984353005886079,"y":-0.6375851035118103,"z":0.15741541981697083,"w":-0.7331417202949524},"size":35.490718841552737,"orthographic":false}