{"cameraMode":{"drawMode":0,"name":"Shaded","section":"Shading Mode"},"sceneLighting":false,"audioPlay":false,"sceneViewState":{"showFog":true,"showMaterialUpdate":false,"showSkybox":false,"showFlares":true,"showImageEffects":true,"showParticleSystems":true},"in2DMode":false,"pivot":{"x":-1.0215929746627808,"y":1.1490604877471924,"z":0.7974711060523987},"rotation":{"x":-0.043788842856884,"y":0.7550064921379089,"z":-0.051755864173173907,"w":-0.6530131101608276},"size":2.3016247749328615,"orthographic":false}