{"cameraMode":{"drawMode":0,"name":"Shaded","section":"Shading Mode"},"sceneLighting":false,"audioPlay":false,"sceneViewState":{"showFog":true,"showMaterialUpdate":false,"showSkybox":false,"showFlares":true,"showImageEffects":true,"showParticleSystems":true},"in2DMode":false,"pivot":{"x":1.5245661735534669,"y":2.1126322746276857,"z":1.437329649925232},"rotation":{"x":-0.08360055834054947,"y":0.7191060185432434,"z":-0.08826273679733277,"w":-0.6849570274353027},"size":2.3385725021362306,"orthographic":false}